num_iter,objectids_to_keep,prot,nn_d,area_buff,prox,eca,flux,awf,pc,protconn,protconn_prot,protconn_unprot,protconn_trans,protconn_within,protconn_contig,iic,bc,degree,clustering_coeff,compartment,cohesion,gyrate,aw_gyrate,mean_patch_area,mean_patch_peri,mean_patch_shape,total_edge,edge_density
1,"163,164,165,166,167,000,000,000,000,000,000,000,000,000",11.0087,43475.21331,826154112.1,138.8517529,NA,NA,NA,NA,4.4864,21.7193,21.7193,78.2807,3.512,0.9744,NA,0.071428571,0.102040816,0.125,1,97.58553911,9964.025973,29454.93518,78900,205000,1.83262368,0,0
2,"162,164,165,166,167,000,000,000,000,000,000,000,000,000",10.2154,46237.40935,769761357.8,17157.34483,NA,NA,NA,NA,3.7835,15.4975,15.4975,84.5025,3.1972,0.5864,NA,0,0.102040816,0.172619048,1,97.61990136,10221.70206,29523.28844,117250,268000,1.984883381,0,0
3,"162,163,165,166,167,000,000,000,000,000,000,000,000,000",11.0649,41776.98382,830084461.9,17161.98162,NA,NA,NA,NA,4.6081,23.4727,23.4727,76.5273,3.5265,1.0816,NA,0.071428571,0.117346939,0.172619048,1,97.63260638,10352.57232,29446.24257,76650,223000,2.010306505,0,0
4,"162,163,164,166,167,000,000,000,000,000,000,000,000,000",10.9804,41187.63033,820494704,17158.99562,NA,NA,NA,NA,4.7108,25.6055,25.6055,74.3945,3.5046,1.2062,NA,0.071428571,0.107142857,0.101190476,1,97.62924007,10079.31118,29406.47954,83250,236000,2.039605895,0,0
5,"162,163,164,165,167,000,000,000,000,000,000,000,000,000",11.6827,40240.65781,872411785.5,17161.98162,NA,NA,NA,NA,4.8079,24.6058,24.6058,75.3942,3.6248,1.183,NA,0.071428571,0.117346939,0.172619048,1,97.6327658,10074.27788,29351.36725,46650,150000,1.748909209,0,0
6,"162,163,164,165,166,000,000,000,000,000,000,000,000,000",11.7436,41775.35217,873139718.6,17161.98162,NA,NA,NA,NA,4.8153,24.6428,24.6428,75.3572,3.6287,1.1866,NA,0.071428571,0.117346939,0.172619048,1,97.63447756,10063.87763,29341.18804,46250,158000,1.919404143,0,0
7,"162,163,164,165,166,000,000,000,000,000,000,000,000,000",11.1059,46822.03595,832448069.1,17161.98162,NA,NA,NA,NA,4.7104,24.9236,24.9236,75.0764,3.5364,1.174,NA,0.071428571,0.117346939,0.172619048,1,97.63103509,10141.72863,29459.44558,75500,193000,1.761635497,0,0
8,"162,163,164,165,166,000,000,000,000,000,000,000,000,000",10.5556,43893.67933,791597005.2,17159.00972,NA,NA,NA,NA,4.3171,22.197,22.197,77.803,3.3588,0.9583,NA,0.071428571,0.107142857,0.172619048,1,97.62514866,10213.90751,29406.10197,102750,251000,1.973489828,0,0
9,"162,163,164,165,166,000,000,000,000,000,000,000,000,000",11.8332,44197.14708,873247696.2,17160.04158,NA,NA,NA,NA,4.8185,24.613,24.613,75.387,3.6325,1.186,NA,0.071428571,0.102040816,0.19047619,1,97.62852495,10060.83384,29313.37018,39350,125000,1.601867261,0,0
10,"162,163,164,165,166,000,000,000,000,000,000,000,000,000",10.3158,46375.49229,777298043.6,17159.00972,NA,NA,NA,NA,4.2041,22.7075,22.7075,77.2925,3.2494,0.9546,NA,0.071428571,0.107142857,0.172619048,1,97.62328145,8350.738792,29537.13249,113250,213000,1.65719781,0,0
11,"162,163,164,165,166,000,000,000,000,000,000,000,000,000",11.8051,43549.48125,870774672.8,17160.85387,NA,NA,NA,NA,4.8178,24.6221,24.6221,75.3779,3.6316,1.1863,NA,0.071428571,0.091836735,0.119047619,1,97.62466232,10019.16588,29321.69598,40650,133000,1.6982177,0,0
12,"162,163,164,165,166,000,000,000,000,000,000,000,000,000",11.3427,40227.70615,844424442.3,17156.47056,NA,NA,NA,NA,4.7806,25.025,25.025,74.975,3.5843,1.1963,NA,0.071428571,0.107142857,0.172619048,1,97.6268185,10071.2584,29418.87754,66500,194000,1.88096084,0,0
13,"162,163,164,165,166,000,000,000,000,000,000,000,000,000",11.6084,44365.53117,842088663.5,17139.60248,NA,NA,NA,NA,4.6565,22.2864,22.2864,77.7136,3.6187,1.0378,NA,0,0.102040816,0.172619048,1,97.61712146,9606.531284,29379.70395,53950,167000,1.795989846,0,0
14,"162,163,164,165,166,000,000,000,000,000,000,000,000,000",10.8982,45560.38913,795690476.6,17135.23959,NA,NA,NA,NA,4.2087,17.2973,17.2973,82.7027,3.4807,0.728,NA,0,0.096938776,0.172619048,1,97.62946908,5271.50661,29497.29954,84550,205000,1.783309617,0,0
15,"162,163,164,165,166,000,000,000,000,000,000,000,000,000",11.0449,53094.23315,810186927.2,17063.56022,NA,NA,NA,NA,4.7298,25.1467,25.1467,74.8533,3.5404,1.1894,NA,0.071428571,0.107142857,0.172619048,1,97.59925975,9606.531284,29486.31344,55000,172000,1.905924841,0,0
16,"161,164,165,166,167,000,000,000,000,000,000,000,000,000",10.0013,44000.16269,755011864.8,134.2149632,NA,NA,NA,NA,3.8355,18.0988,18.0988,81.9012,3.1413,0.6942,NA,0,0.086734694,0.125,1,97.57102323,10441.01314,29553.88075,128050,281000,1.961376356,0,0
17,"161,163,165,166,167,000,000,000,000,000,000,000,000,000",10.8508,41737.85358,815334968.9,138.8517529,NA,NA,NA,NA,4.4405,21.723,21.723,78.277,3.4759,0.9646,NA,0.071428571,0.102040816,0.125,1,97.58455966,10571.88341,29476.28139,86650,228000,1.939264443,0,0
18,"161,163,164,166,167,000,000,000,000,000,000,000,000,000",10.7663,41148.50009,805745211,135.8657528,NA,NA,NA,NA,4.5408,23.9407,23.9407,76.0593,3.4537,1.0871,NA,0.071428571,0.091836735,0.053571429,1,97.58097301,10298.62226,29436.45404,93200,248000,2.027320888,0,0
19,"161,163,164,165,167,000,000,000,000,000,000,000,000,000",11.4686,40201.52758,857662292.5,138.8517529,NA,NA,NA,NA,4.6309,22.7869,22.7869,77.2131,3.5756,1.0552,NA,0.071428571,0.102040816,0.125,1,97.58516988,10293.58896,29380.90292,37933.33333,104666.6667,1.448082225,0,0
20,"161,163,164,165,166,000,000,000,000,000,000,000,000,000",11.5295,41736.22193,858390225.6,138.8517529,NA,NA,NA,NA,4.6384,22.8275,22.8275,77.1725,3.5796,1.0588,NA,0.071428571,0.102040816,0.125,1,97.58689744,10283.18871,29370.68876,56750,167000,1.868605897,0,0
21,"161,163,164,165,166,000,000,000,000,000,000,000,000,000",10.8918,46782.90571,817698576,138.8517529,NA,NA,NA,NA,4.5273,23.0019,23.0019,76.9981,3.486,1.0414,NA,0.071428571,0.102040816,0.125,1,97.58309956,10361.03971,29489.51062,84500,199000,1.710361207,0,0
22,"161,163,164,165,166,000,000,000,000,000,000,000,000,000",10.3415,43854.5491,776847512.2,135.8798573,NA,NA,NA,NA,4.0969,19.3138,19.3138,80.6862,3.3057,0.7913,NA,0.071428571,0.091836735,0.125,1,97.57661179,10433.2186,29436.23831,112400,256000,1.905392444,0,0
23,"161,163,164,165,166,000,000,000,000,000,000,000,000,000",11.6191,44158.01685,858498203.1,136.9117121,NA,NA,NA,NA,4.6416,22.7967,22.7967,77.2033,3.5834,1.0581,NA,0.071428571,0.086734694,0.142857143,1,97.58095164,10280.14492,29342.74067,50150,132000,1.508863173,0,0
24,"161,163,164,165,166,000,000,000,000,000,000,000,000,000",10.1017,46336.36205,762548550.6,135.8798573,NA,NA,NA,NA,3.9325,18.7675,18.7675,81.2325,3.1945,0.738,NA,0.071428571,0.091836735,0.125,1,97.57490743,8570.049876,29567.7227,123150,216000,1.580539222,0,0
25,"161,163,164,165,166,000,000,000,000,000,000,000,000,000",11.591,43510.35102,856025179.7,137.7239991,NA,NA,NA,NA,4.6408,22.8057,22.8057,77.1943,3.5825,1.0584,NA,0.071428571,0.076530612,0.071428571,1,97.57694862,10238.47697,29351.10236,51350,141000,1.644980073,0,0
26,"161,163,164,165,166,000,000,000,000,000,000,000,000,000",11.1286,41464.31003,829674949.2,133.3406957,NA,NA,NA,NA,4.5513,22.3414,22.3414,77.6586,3.5345,1.0168,NA,0.071428571,0.091836735,0.125,1,97.57878582,10290.56948,29448.75823,76900,201000,1.822156013,0,0
27,"161,163,164,165,166,000,000,000,000,000,000,000,000,000",11.3943,44326.40094,827339170.4,116.4726098,NA,NA,NA,NA,4.4894,20.4915,20.4915,79.5085,3.5694,0.9199,NA,0,0.086734694,0.125,1,97.56904957,9808.972285,29409.36595,64750,172000,1.715238984,0,0
28,"161,163,164,165,166,000,000,000,000,000,000,000,000,000",10.6841,45521.25889,780940983.5,112.1097225,NA,NA,NA,NA,4.0859,16.0671,16.0671,83.9329,3.4294,0.6565,NA,0,0.081632653,0.125,1,97.58139814,5490.817695,29527.5453,95600,210000,1.700204974,0,0
29,"161,163,164,165,166,000,000,000,000,000,000,000,000,000",10.8308,53058.11293,795437434.2,40.43035337,NA,NA,NA,NA,4.5467,23.241,23.241,76.759,3.49,1.0567,NA,0.071428571,0.091836735,0.125,1,97.54977835,9808.972285,29516.517,61766.66667,175333.3333,1.848343871,0,0
30,"161,162,165,166,167,000,000,000,000,000,000,000,000,000",10.0575,45502.39453,758942214.5,17157.34483,NA,NA,NA,NA,3.8396,17.7655,17.7655,82.2345,3.1575,0.6821,NA,0,0.102040816,0.172619048,1,97.61902622,10829.55949,29544.99995,125200,295000,2.122710332,0,0
31,"161,162,164,166,167,000,000,000,000,000,000,000,000,000",9.973,43910.69614,749352456.6,17154.35883,NA,NA,NA,NA,3.8418,18.4496,18.4496,81.5504,3.133,0.7088,NA,0,0.091836735,0.101190476,1,97.61556164,10556.29835,29504.87398,131350,311000,2.171582231,0,0
32,"161,162,164,165,167,000,000,000,000,000,000,000,000,000",10.6753,42963.72362,801269538.1,17157.34483,NA,NA,NA,NA,3.9562,17.4216,17.4216,82.5784,3.267,0.6892,NA,0,0.102040816,0.172619048,1,97.61932054,10551.26504,29448.10073,95400,218000,1.820768236,0,0
33,"161,162,164,165,166,000,000,000,000,000,000,000,000,000",10.7362,44498.41798,801997471.2,17157.34483,NA,NA,NA,NA,3.9625,17.4447,17.4447,82.5553,3.2713,0.6912,NA,0,0.102040816,0.172619048,1,97.62105171,10540.8648,29437.76769,94800,230000,2.034363574,0,0
34,"161,162,164,165,166,000,000,000,000,000,000,000,000,000",10.0985,49545.10175,761305821.7,17157.34483,NA,NA,NA,NA,3.832,17.3125,17.3125,82.6875,3.1686,0.6634,NA,0,0.102040816,0.172619048,1,97.61747714,10618.71579,29558.33949,123000,261000,1.85224383,0,0
35,"161,162,164,165,166,000,000,000,000,000,000,000,000,000",9.5482,46616.74514,720454757.9,17154.37293,NA,NA,NA,NA,3.3124,10.3663,10.3663,89.6337,2.9691,0.3434,NA,0,0.091836735,0.172619048,1,97.61135603,10690.89468,29505.03176,150950,319000,2.05465902,0,0
36,"161,162,164,165,166,000,000,000,000,000,000,000,000,000",10.8258,46920.21289,802105448.8,17155.40479,NA,NA,NA,NA,3.9663,17.4172,17.4172,82.5828,3.2755,0.6908,NA,0,0.086734694,0.19047619,1,97.61504749,10537.82101,29409.41477,88150,195000,1.687370658,0,0
37,"161,162,164,165,166,000,000,000,000,000,000,000,000,000",9.3084,49098.5581,706155796.2,17154.37293,NA,NA,NA,NA,3.1067,8.4334,8.4334,91.5666,2.8447,0.262,NA,0,0.091836735,0.172619048,1,97.60953091,8827.72596,29638.06553,161000,281000,1.746332974,0,0
38,"161,162,164,165,166,000,000,000,000,000,000,000,000,000",10.7977,46272.54706,799632425.4,17156.21708,NA,NA,NA,NA,3.9655,17.4262,17.4262,82.5738,3.2744,0.691,NA,0,0.076530612,0.119047619,1,97.61110672,10496.15305,29417.89045,89750,204000,1.797896703,0,0
39,"161,162,164,165,166,000,000,000,000,000,000,000,000,000",10.3353,44226.50608,773282194.9,17151.83377,NA,NA,NA,NA,3.8603,16.5378,16.5378,83.4622,3.2219,0.6384,NA,0,0.091836735,0.172619048,1,97.61318848,10548.24557,29517.00739,114850,264000,1.980449098,0,0
40,"161,162,164,165,166,000,000,000,000,000,000,000,000,000",10.601,47088.59698,770946416.1,17134.96569,NA,NA,NA,NA,3.8766,15.9015,15.9015,84.0985,3.2602,0.6164,NA,0,0.086734694,0.172619048,1,97.60338932,10046.82713,29476.96196,102000,234000,1.893944638,0,0
41,"161,162,164,165,166,000,000,000,000,000,000,000,000,000",9.8908,47088.59698,726666087.1,17134.96569,NA,NA,NA,NA,3.7384,16.9093,16.9093,83.0907,3.1063,0.6321,NA,0,0.091836735,0.172619048,1,97.61585765,5748.493779,29596.93606,132450,275000,1.880060209,0,0
42,"161,162,164,165,166,000,000,000,000,000,000,000,000,000",10.0375,55607.83235,739044679.8,17058.92343,NA,NA,NA,NA,3.8549,17.6876,17.6876,82.3124,3.173,0.6818,NA,0,0.091836735,0.172619048,1,97.58492154,10046.82713,29585.76847,87733.33333,216666.6667,1.912569129,0,0
43,"161,162,163,166,167,000,000,000,000,000,000,000,000,000",10.8225,39450.2706,809675560.7,17158.99562,NA,NA,NA,NA,4.6507,25.4215,25.4215,74.5785,3.4684,1.1823,NA,0.071428571,0.107142857,0.101190476,1,97.6284016,10687.16861,29427.74266,91050,265000,2.195666244,0,0
44,"161,162,163,165,167,000,000,000,000,000,000,000,000,000",11.5248,37600.27299,861592642.2,17161.98162,NA,NA,NA,NA,4.7547,24.4991,24.4991,75.5009,3.5899,1.1649,NA,0.071428571,0.117346939,0.172619048,1,97.63195111,10682.13531,29372.31447,54900,175000,1.87288337,0,0
45,"161,162,163,165,166,000,000,000,000,000,000,000,000,000",11.5857,40037.99244,862320575.3,17161.98162,NA,NA,NA,NA,4.7561,24.4391,24.4391,75.5609,3.5938,1.1623,NA,0.071428571,0.117346939,0.172619048,1,97.63366734,10671.73506,29362.10959,54700,184000,2.03375863,0,0
46,"161,162,163,165,166,000,000,000,000,000,000,000,000,000",10.948,45084.67622,821628925.8,17161.98162,NA,NA,NA,NA,4.648,24.6866,24.6866,75.3134,3.5005,1.1474,NA,0.071428571,0.117346939,0.172619048,1,97.63020884,10749.58606,29480.77757,82500,215000,1.867609914,0,0
47,"161,162,163,165,166,000,000,000,000,000,000,000,000,000",10.3977,42156.31961,780777861.9,17159.00972,NA,NA,NA,NA,4.2299,21.486,21.486,78.514,3.321,0.9088,NA,0.071428571,0.107142857,0.172619048,1,97.62429428,10821.76494,29427.47979,110350,276000,2.094839972,0,0
48,"161,162,163,165,166,000,000,000,000,000,000,000,000,000",11.6753,42459.78736,862428552.9,17160.04158,NA,NA,NA,NA,4.7593,24.4087,24.4087,75.5913,3.5976,1.1617,NA,0.071428571,0.102040816,0.19047619,1,97.62770046,10668.69127,29334.19699,47250,153000,1.748068935,0,0
49,"161,162,163,165,166,000,000,000,000,000,000,000,000,000",10.1579,44638.13256,766478900.3,17159.00972,NA,NA,NA,NA,4.0708,21.1365,21.1365,78.8635,3.2104,0.8604,NA,0.071428571,0.107142857,0.172619048,1,97.62242692,8958.596224,29558.84373,120750,234000,1.758420283,0,0
50,"161,162,163,165,166,000,000,000,000,000,000,000,000,000",11.6472,41812.12153,859955529.5,17160.85387,NA,NA,NA,NA,4.7586,24.4179,24.4179,75.5821,3.5966,1.1619,NA,0.071428571,0.091836735,0.119047619,1,97.62382522,10627.02331,29342.54896,49250,159000,1.812085946,0,0
51,"161,162,163,165,166,000,000,000,000,000,000,000,000,000",11.1848,39766.08054,833605299,17156.47056,NA,NA,NA,NA,4.6713,24.0288,24.0288,75.9712,3.5489,1.1225,NA,0.071428571,0.107142857,0.172619048,1,97.62597947,10679.11583,29440.07526,74450,219000,2.002816052,0,0
52,"161,162,163,165,166,000,000,000,000,000,000,000,000,000",11.4505,42628.17145,831269520.2,17139.60248,NA,NA,NA,NA,4.6033,22.15,22.15,77.85,3.5837,1.0196,NA,0,0.102040816,0.172619048,1,97.61625782,10167.63045,29400.7432,61500,190000,1.916703501,0,0
53,"161,162,163,165,166,000,000,000,000,000,000,000,000,000",10.7403,45706.17301,784871333.3,17135.23959,NA,NA,NA,NA,4.1812,17.6256,17.6256,82.3744,3.4442,0.737,NA,0,0.096938776,0.172619048,1,97.62863604,5879.364043,29518.763,92200,226000,1.872369328,0,0
54,"161,162,163,165,166,000,000,000,000,000,000,000,000,000",10.887,51490.51648,799367783.9,17063.56022,NA,NA,NA,NA,4.6668,24.9048,24.9048,75.0952,3.5046,1.1623,NA,0.071428571,0.107142857,0.172619048,1,97.59831808,10167.63045,29507.74602,60533.33333,185333.3333,1.915761154,0,0
55,"161,162,163,164,167,000,000,000,000,000,000,000,000,000",11.4403,37913.9446,852002884.3,17158.99562,NA,NA,NA,NA,4.8488,26.4078,26.4078,73.5922,3.5684,1.2805,NA,0.071428571,0.107142857,0.101190476,1,97.62860503,10408.87416,29332.66198,61150,188000,1.905853057,0,0
56,"161,162,163,164,166,000,000,000,000,000,000,000,000,000",11.5012,37283.80794,852730817.4,17158.99562,NA,NA,NA,NA,4.8583,26.4698,26.4698,73.5302,3.5723,1.286,NA,0.071428571,0.107142857,0.101190476,1,97.6303255,10398.47392,29322.44912,60300,202000,2.160623432,0,0
57,"161,162,163,164,166,000,000,000,000,000,000,000,000,000",10.8635,44495.32273,812039167.9,17158.99562,NA,NA,NA,NA,4.7498,26.7655,26.7655,73.2345,3.4785,1.2713,NA,0.071428571,0.107142857,0.101190476,1,97.62683464,10476.32492,29441.0018,88750,226000,1.884895861,0,0
58,"161,162,163,164,166,000,000,000,000,000,000,000,000,000",10.3131,41566.96612,771188104.1,17156.02372,NA,NA,NA,NA,4.3415,24.0406,24.0406,75.9594,3.2978,1.0437,NA,0.071428571,0.096938776,0.101190476,1,97.62086472,10548.5038,29387.32057,116450,292000,2.150106115,0,0
59,"161,162,163,164,166,000,000,000,000,000,000,000,000,000",11.5908,41870.43387,852838795,17157.05558,NA,NA,NA,NA,4.8588,26.3979,26.3979,73.6021,3.5762,1.2826,NA,0.071428571,0.091836735,0.119047619,1,97.62434832,10395.43013,29294.5617,53500,165000,1.755395025,0,0
60,"161,162,163,164,166,000,000,000,000,000,000,000,000,000",10.0734,44048.77908,756889142.4,17156.02372,NA,NA,NA,NA,4.1867,23.8942,23.8942,76.1058,3.1863,1.0004,NA,0.071428571,0.096938776,0.101190476,1,97.61900635,8685.335081,29518.79528,126350,248000,1.802267658,0,0
61,"161,162,163,164,166,000,000,000,000,000,000,000,000,000",11.5627,41222.76804,850365771.6,17157.86787,NA,NA,NA,NA,4.8581,26.4076,26.4076,73.5924,3.5752,1.2829,NA,0.071428571,0.081632653,0.047619048,1,97.62045564,10353.76217,29302.91025,55700,175000,1.871958644,0,0
62,"161,162,163,164,166,000,000,000,000,000,000,000,000,000",11.1003,39176.72706,824015541.1,17153.48456,NA,NA,NA,NA,4.7727,26.0974,26.0974,73.9026,3.5271,1.2455,NA,0.071428571,0.096938776,0.101190476,1,97.62259023,10405.85469,29400.32564,80850,232000,2.034695646,0,0
63,"161,162,163,164,166,000,000,000,000,000,000,000,000,000",11.3659,42038.81796,821679762.3,17136.61648,NA,NA,NA,NA,4.6986,24.1865,24.1865,75.8135,3.5622,1.1364,NA,0,0.091836735,0.101190476,1,97.61284793,9915.389397,29361.07421,67350,204000,1.963715305,0,0
64,"161,162,163,164,166,000,000,000,000,000,000,000,000,000",10.6558,43233.67592,775281575.4,17132.25359,NA,NA,NA,NA,4.2568,19.6142,19.6142,80.3858,3.4219,0.8349,NA,0,0.086734694,0.101190476,1,97.625249,5606.1029,29478.95227,98200,241000,1.925009162,0,0
65,"161,162,163,164,166,000,000,000,000,000,000,000,000,000",10.8025,50946.49787,789778026,17060.57422,NA,NA,NA,NA,4.7683,26.9641,26.9641,73.0359,3.4826,1.2857,NA,0.071428571,0.096938776,0.101190476,1,97.59476964,9915.389397,29467.93181,64700,199333.3333,2.0134517,0,0
66,"161,162,163,164,165,000,000,000,000,000,000,000,000,000",12.2034,44325.88868,904647898.9,17161.98162,NA,NA,NA,NA,4.95,25.4471,25.4471,74.5529,3.6903,1.2596,NA,0.071428571,0.117346939,0.172619048,1,97.63381227,10393.44062,29268.45154,24550,111000,1.773174403,0,0
67,"161,162,163,164,165,000,000,000,000,000,000,000,000,000",11.5658,43548.35022,863956249.4,17161.98162,NA,NA,NA,NA,4.8461,25.7207,25.7207,74.2793,3.5996,1.2464,NA,0.071428571,0.117346939,0.172619048,1,97.63038816,10471.29161,29385.4689,53100,145000,1.626154272,0,0
68,"161,162,163,164,165,000,000,000,000,000,000,000,000,000",11.0154,40619.99361,823105185.6,17159.00972,NA,NA,NA,NA,4.4466,22.9682,22.9682,77.0318,3.4253,1.0213,NA,0.071428571,0.107142857,0.172619048,1,97.62453659,10543.4705,29331.88885,80300,202000,1.824892011,0,0
69,"161,162,163,164,165,000,000,000,000,000,000,000,000,000",12.293,40923.46135,904755876.5,17160.04158,NA,NA,NA,NA,4.9529,25.4159,25.4159,74.5841,3.6941,1.2588,NA,0.071428571,0.102040816,0.19047619,1,97.62789435,10390.39682,29240.91963,17950,76000,1.421273314,0,0
70,"161,162,163,164,165,000,000,000,000,000,000,000,000,000",10.7757,43101.80656,808806223.9,17159.00972,NA,NA,NA,NA,4.2956,22.755,22.755,77.245,3.3181,0.9775,NA,0.071428571,0.107142857,0.172619048,1,97.62267733,8680.301778,29461.96603,90400,163000,1.508970582,0,0
71,"161,162,163,164,165,000,000,000,000,000,000,000,000,000",12.265,40275.79553,902282853.1,17160.85387,NA,NA,NA,NA,4.9523,25.4249,25.4249,74.5751,3.6932,1.2591,NA,0.071428571,0.091836735,0.119047619,1,97.62405456,10348.72887,29249.1674,19100,86000,1.571197016,0,0
72,"161,162,163,164,165,000,000,000,000,000,000,000,000,000",11.8026,38229.75454,875932622.6,17156.47056,NA,NA,NA,NA,4.8685,25.097,25.097,74.903,3.6466,1.2218,NA,0.071428571,0.107142857,0.172619048,1,97.62619765,10400.82139,29345.30349,44650,150000,1.778094619,0,0
73,"161,162,163,164,165,000,000,000,000,000,000,000,000,000",12.0682,41091.84544,873596843.8,17139.60248,NA,NA,NA,NA,4.7957,23.2527,23.2527,76.7473,3.6805,1.1151,NA,0,0.102040816,0.172619048,1,97.61655809,9910.743271,29306.61829,31400,117000,1.656015196,0,0
74,"161,162,163,164,165,000,000,000,000,000,000,000,000,000",11.3581,43783.84381,827198656.9,17135.23959,NA,NA,NA,NA,4.3628,18.7477,18.7477,81.2523,3.5449,0.8179,NA,0,0.096938776,0.172619048,1,97.62883094,5601.069597,29422.92614,62700,154000,1.614665902,0,0
75,"161,162,163,164,165,000,000,000,000,000,000,000,000,000",11.5047,50072.3694,841695107.5,17063.56022,NA,NA,NA,NA,4.8642,25.9166,25.9166,74.0834,3.6036,1.2606,NA,0.071428571,0.107142857,0.172619048,1,97.59880909,9910.743271,29412.03016,40466.66667,142000,1.830111888,0,0
76,"161,162,163,164,165,000,000,000,000,000,000,000,000,000",11.6267,39704.1348,864684182.5,17161.98162,NA,NA,NA,NA,4.8535,25.7546,25.7546,74.2454,3.6035,1.25,NA,0.071428571,0.117346939,0.172619048,1,97.63209905,10460.89137,29375.26502,52450,156000,1.828812531,0,0
77,"161,162,163,164,165,000,000,000,000,000,000,000,000,000",11.0763,42154.68796,823833118.6,17159.00972,NA,NA,NA,NA,4.4547,23.0164,23.0164,76.9836,3.4294,1.0253,NA,0.071428571,0.107142857,0.172619048,1,97.62626159,10533.07025,29321.62113,79600,214000,2.034844526,0,0
78,"161,162,163,164,165,000,000,000,000,000,000,000,000,000",12.3539,42458.15571,905483809.6,17160.04158,NA,NA,NA,NA,4.9602,25.4488,25.4488,74.5512,3.6979,1.2623,NA,0.071428571,0.102040816,0.19047619,1,97.62959197,10379.99658,29230.84166,17100,87000,1.623990104,0,0
79,"161,162,163,164,165,000,000,000,000,000,000,000,000,000",10.8366,44636.50092,809534157,17159.00972,NA,NA,NA,NA,4.304,22.8074,22.8074,77.1926,3.3223,0.9816,NA,0.071428571,0.107142857,0.172619048,1,97.62439433,8669.901532,29451.644,89500,175000,1.719392477,0,0
80,"161,162,163,164,165,000,000,000,000,000,000,000,000,000",12.3258,41810.48988,903010786.2,17160.85387,NA,NA,NA,NA,4.9595,25.4577,25.4577,74.5423,3.697,1.2626,NA,0.071428571,0.091836735,0.119047619,1,97.62575343,10338.32862,29239.08346,18900,97000,1.752878613,0,0
81,"161,162,163,164,165,000,000,000,000,000,000,000,000,000",11.8635,39764.4489,876660555.7,17156.47056,NA,NA,NA,NA,4.8759,25.1317,25.1317,74.8683,3.6505,1.2254,NA,0.071428571,0.107142857,0.172619048,1,97.62790844,10390.42114,29335.13149,43700,164000,2.016113043,0,0
82,"161,162,163,164,165,000,000,000,000,000,000,000,000,000",12.1291,42626.5398,874324776.9,17139.60248,NA,NA,NA,NA,4.803,23.2906,23.2906,76.7094,3.6843,1.1186,NA,0,0.102040816,0.172619048,1,97.61826185,9901.143044,29296.49095,31150,127000,1.82791256,0,0
83,"161,162,163,164,165,000,000,000,000,000,000,000,000,000",11.419,45242.74198,827926590,17135.23959,NA,NA,NA,NA,4.3702,18.7946,18.7946,81.2054,3.5489,0.8214,NA,0,0.096938776,0.172619048,1,97.63054464,5590.669351,29412.68972,62050,169000,1.847548673,0,0
84,"161,162,163,164,165,000,000,000,000,000,000,000,000,000",11.5656,51489.01034,842423040.6,17063.56022,NA,NA,NA,NA,4.8716,25.9493,25.9493,74.0507,3.6074,1.2641,NA,0.071428571,0.107142857,0.172619048,1,97.60054349,9901.143044,29401.79973,39933.33333,146000,1.918733265,0,0
85,"161,162,163,164,165,000,000,000,000,000,000,000,000,000",10.4387,47201.37174,783141469.1,17159.00972,NA,NA,NA,NA,4.3525,23.4555,23.4555,76.5445,3.3316,1.0209,NA,0.071428571,0.107142857,0.172619048,1,97.62273564,10610.92125,29440.81101,108600,247000,1.856533467,0,0
86,"161,162,163,164,165,000,000,000,000,000,000,000,000,000",11.7163,47504.83949,864792160.1,17160.04158,NA,NA,NA,NA,4.8567,25.7229,25.7229,74.2771,3.6074,1.2493,NA,0.071428571,0.102040816,0.19047619,1,97.6261514,10457.84758,29347.33959,45750,118000,1.444975436,0,0
87,"161,162,163,164,165,000,000,000,000,000,000,000,000,000",10.1989,49879.39839,768842507.5,17159.00972,NA,NA,NA,NA,4.2185,23.6391,23.6391,76.3609,3.2213,0.9972,NA,0.071428571,0.107142857,0.172619048,1,97.62088065,8747.75253,29572.15985,118350,203000,1.508413835,0,0
88,"161,162,163,164,165,000,000,000,000,000,000,000,000,000",11.6882,46857.17366,862319136.7,17160.85387,NA,NA,NA,NA,4.856,25.7323,25.7323,74.2677,3.6064,1.2496,NA,0.071428571,0.091836735,0.119047619,1,97.62228498,10416.17962,29355.69404,47650,130000,1.582603797,0,0
89,"161,162,163,164,165,000,000,000,000,000,000,000,000,000",11.2258,44811.13267,835968906.2,17156.47056,NA,NA,NA,NA,4.7709,25.4077,25.4077,74.5923,3.5588,1.2122,NA,0.071428571,0.107142857,0.172619048,1,97.62442564,10468.27214,29453.27283,72400,189000,1.767314665,0,0
90,"161,162,163,164,165,000,000,000,000,000,000,000,000,000",11.4915,47673.22358,833633127.4,17139.60248,NA,NA,NA,NA,4.696,23.4771,23.4771,76.5229,3.5935,1.1025,NA,0,0.102040816,0.172619048,1,97.61473352,9973.005504,29413.90769,59800,158000,1.643402088,0,0
91,"161,162,163,164,165,000,000,000,000,000,000,000,000,000",10.7813,48868.08153,787234940.5,17135.23959,NA,NA,NA,NA,4.2523,18.763,18.763,81.237,3.4544,0.7979,NA,0,0.096938776,0.172619048,1,97.62707442,5668.520349,29531.99366,90250,196000,1.633013556,0,0
92,"161,162,163,164,165,000,000,000,000,000,000,000,000,000",10.928,56147.48767,801731391.1,17063.56022,NA,NA,NA,NA,4.7665,26.265,26.265,73.735,3.5146,1.2519,NA,0.071428571,0.107142857,0.172619048,1,97.596817,9973.005504,29520.97602,59500,168666.6667,1.808870444,0,0
93,"161,162,163,164,165,000,000,000,000,000,000,000,000,000",11.1659,44576.48287,823941096.2,17157.06968,NA,NA,NA,NA,4.4582,22.9848,22.9848,77.0152,3.4335,1.0247,NA,0.071428571,0.091836735,0.19047619,1,97.62027251,10530.02646,29293.58521,73150,178000,1.657765196,0,0
94,"161,162,163,164,165,000,000,000,000,000,000,000,000,000",9.6486,47960.49802,729451261.5,17159.00972,NA,NA,NA,NA,4.0663,25.6011,25.6011,74.3989,3.0253,1.041,NA,0.071428571,0.107142857,0.172619048,1,97.61485818,8819.931414,29519.0292,145750,266000,1.75373792,0,0
95,"161,162,163,164,165,000,000,000,000,000,000,000,000,000",11.1378,43928.81705,821468072.8,17157.88197,NA,NA,NA,NA,4.4574,22.9946,22.9946,77.0054,3.4324,1.025,NA,0.071428571,0.081632653,0.119047619,1,97.61635865,10488.3585,29301.97825,74650,186000,1.779880733,0,0
96,"161,162,163,164,165,000,000,000,000,000,000,000,000,000",10.6755,41882.77606,795117842.3,17153.49867,NA,NA,NA,NA,4.3693,22.5892,22.5892,77.4108,3.3823,0.987,NA,0.071428571,0.096938776,0.172619048,1,97.61847096,10540.45102,29399.91497,100150,247000,1.9670172,0,0
97,"161,162,163,164,165,000,000,000,000,000,000,000,000,000",10.9411,44744.86697,792782063.5,17136.63058,NA,NA,NA,NA,4.2825,20.1674,20.1674,79.8326,3.4189,0.8637,NA,0,0.091836735,0.172619048,1,97.60870316,10039.63217,29360.45319,87600,218000,1.86242082,0,0
98,"161,162,163,164,165,000,000,000,000,000,000,000,000,000",10.231,45939.72492,746383876.6,17132.26769,NA,NA,NA,NA,3.7908,13.6752,13.6752,86.3248,3.2724,0.5184,NA,0,0.086734694,0.172619048,1,97.62113561,5740.699233,29478.96756,118600,258000,1.861515181,0,0
99,"161,162,163,164,165,000,000,000,000,000,000,000,000,000",10.3776,53444.38926,760880327.2,17060.58832,NA,NA,NA,NA,4.3642,23.5631,23.5631,76.4369,3.3358,1.0283,NA,0.071428571,0.096938776,0.172619048,1,97.59045278,10039.63217,29467.88714,77833.33333,210000,1.979306511,0,0
100,"161,162,163,164,165,000,000,000,000,000,000,000,000,000",10.9262,47058.29583,809642134.6,17157.06968,NA,NA,NA,NA,4.3075,22.7739,22.7739,77.2261,3.3265,0.981,NA,0.071428571,0.091836735,0.19047619,1,97.61843207,8666.85774,29423.30471,83050,140000,1.351318148,0,0
101,"161,162,163,164,165,000,000,000,000,000,000,000,000,000",12.4154,36366.12379,912594391.4,17160.03615,NA,NA,NA,NA,4.965,25.4638,25.4638,74.5362,3.7007,1.2643,NA,0.071428571,0.086734694,0.119047619,1,97.61985601,10335.28483,29211.64511,12250,62000,1.397050641,0,0
102,"161,162,163,164,165,000,000,000,000,000,000,000,000,000",11.9531,42186.24381,876768533.3,17154.53052,NA,NA,NA,NA,4.879,25.1019,25.1019,74.8981,3.6543,1.2247,NA,0.071428571,0.091836735,0.19047619,1,97.6219672,10387.37735,29307.34045,37150,119000,1.574234968,0,0
103,"161,162,163,164,165,000,000,000,000,000,000,000,000,000",12.2187,45048.33471,874432754.5,17137.66244,NA,NA,NA,NA,4.8062,23.263,23.263,76.737,3.6881,1.1181,NA,0,0.086734694,0.19047619,1,97.61235646,9898.33339,29268.86714,24900,92000,1.468603825,0,0
104,"161,162,163,164,165,000,000,000,000,000,000,000,000,000",11.5086,46243.19267,828034567.5,17133.29955,NA,NA,NA,NA,4.3738,18.771,18.771,81.229,3.5528,0.821,NA,0,0.081632653,0.19047619,1,97.62458878,5587.625559,29384.63108,55250,131000,1.486458367,0,0
105,"161,162,163,164,165,000,000,000,000,000,000,000,000,000",11.6552,53724.51334,842531018.2,17061.62018,NA,NA,NA,NA,4.8747,25.9179,25.9179,74.0821,3.6113,1.2634,NA,0.071428571,0.091836735,0.19047619,1,97.59455845,9898.33339,29373.77037,35633.33333,120666.6667,1.656675573,0,0
106,"161,162,163,164,165,000,000,000,000,000,000,000,000,000",10.8981,46410.63,807169111.2,17157.88197,NA,NA,NA,NA,4.3067,22.7844,22.7844,77.2156,3.3255,0.9813,NA,0.071428571,0.081632653,0.119047619,1,97.6145313,8625.189784,29431.77488,85300,151000,1.48712239,0,0
107,"161,162,163,164,165,000,000,000,000,000,000,000,000,000",10.4357,47085.80361,780818880.7,17153.49867,NA,NA,NA,NA,4.2263,22.5395,22.5395,77.4605,3.2737,0.9526,NA,0.071428571,0.096938776,0.172619048,1,97.61662871,8677.282302,29530.85178,109550,214000,1.714032162,0,0
108,"161,162,163,164,165,000,000,000,000,000,000,000,000,000",10.7013,47226.67992,778483101.9,17136.63058,NA,NA,NA,NA,4.1255,19.7318,19.7318,80.2682,3.3115,0.814,NA,0,0.091836735,0.172619048,1,97.60690123,8319.784117,29490.8101,97550,177000,1.534516809,0,0
109,"161,162,163,164,165,000,000,000,000,000,000,000,000,000",9.9912,48421.53788,732084915,17132.26769,NA,NA,NA,NA,3.6124,12.5237,12.5237,87.4763,3.16,0.4524,NA,0,0.086734694,0.172619048,1,97.61928585,3877.530513,29610.7375,127950,213000,1.511958443,0,0
110,"161,162,163,164,165,000,000,000,000,000,000,000,000,000",10.1379,56841.73372,746581365.6,17060.58832,NA,NA,NA,NA,4.2179,23.5251,23.5251,76.4749,3.2257,0.9923,NA,0.071428571,0.096938776,0.172619048,1,97.5886892,8319.784117,29599.58013,84533.33333,182666.6667,1.730876918,0,0
111,"161,162,163,164,165,000,000,000,000,000,000,000,000,000",11.925,40950.89612,874295509.9,17155.34281,NA,NA,NA,NA,4.8783,25.111,25.111,74.889,3.6533,1.225,NA,0.071428571,0.081632653,0.119047619,1,97.61809294,10345.70939,29315.65886,38700,138000,1.777242797,0,0
112,"161,162,163,164,165,000,000,000,000,000,000,000,000,000",12.1906,45051.15858,871959731.1,17138.47472,NA,NA,NA,NA,4.8055,23.2716,23.2716,76.7284,3.6872,1.1183,NA,0,0.076530612,0.119047619,1,97.60847888,9859.870662,29277.13952,26400,101000,1.587129418,0,0
113,"161,162,163,164,165,000,000,000,000,000,000,000,000,000",11.4805,45595.52684,825561544.1,17134.11183,NA,NA,NA,NA,4.373,18.7788,18.7788,81.2212,3.5518,0.8212,NA,0,0.071428571,0.119047619,1,97.62071172,5545.957603,29393.02146,56850,140000,1.595961548,0,0
114,"161,162,163,164,165,000,000,000,000,000,000,000,000,000",11.6271,53126.66796,840057994.8,17062.43247,NA,NA,NA,NA,4.874,25.9274,25.9274,74.0726,3.6103,1.2637,NA,0.071428571,0.081632653,0.119047619,1,97.59056923,9859.870662,29382.15313,36833.33333,128666.6667,1.755763614,0,0
115,"161,162,163,164,165,000,000,000,000,000,000,000,000,000",11.7283,43077.92715,845609500.6,17134.09142,NA,NA,NA,NA,4.7191,22.8541,22.8541,77.1459,3.6406,1.0785,NA,0,0.091836735,0.172619048,1,97.6105185,9907.956063,29373.61416,51400,159000,1.754625397,0,0
116,"161,162,163,164,165,000,000,000,000,000,000,000,000,000",11.0181,43549.48586,799211313.6,17129.72853,NA,NA,NA,NA,4.2778,18.1031,18.1031,81.8969,3.5034,0.7744,NA,0,0.086734694,0.172619048,1,97.62284473,5598.050121,29491.08957,82050,2.00E+05,1.770791633,0,0
117,"161,162,163,164,165,000,000,000,000,000,000,000,000,000",11.1648,50874.71601,813707764.3,17058.04916,NA,NA,NA,NA,4.791,25.6365,25.6365,74.3635,3.5627,1.2282,NA,0.071428571,0.096938776,0.172619048,1,97.59250444,9907.956063,29480.11217,53433.33333,165333.3333,1.833925759,0,0
118,"161,162,163,164,165,000,000,000,000,000,000,000,000,000",11.2837,43020.44976,817729236.6,17135.23959,NA,NA,NA,NA,4.3542,18.7306,18.7306,81.2694,3.5387,0.8156,NA,0,0.091836735,0.172619048,1,97.61313684,5477.41595,29451.49241,69450,169000,1.652882345,0,0
119,"161,162,163,164,165,000,000,000,000,000,000,000,000,000",11.4304,53879.94481,811371985.5,17041.18108,NA,NA,NA,NA,4.7146,23.697,23.697,76.303,3.5974,1.1172,NA,0,0.091836735,0.172619048,1,97.58271863,9488.088194,29440.56904,45466.66667,149333.3333,1.808151588,0,0
120,"161,162,163,164,165,000,000,000,000,000,000,000,000,000",10.7203,55333.51002,764973798.6,17036.81819,NA,NA,NA,NA,4.2729,19.0595,19.0595,80.9405,3.4585,0.8144,NA,0,0.086734694,0.172619048,1,97.59514139,5477.41595,29559.12348,65500,177333.3333,1.846489753,0,0
